{"init_params": {"cat_dims": [2, 2, 2, 2, 2, 2, 2, 5, 5, 5, 2, 3], "cat_emb_dim": [3, 3, 3, 3, 3, 3, 3, 3, 3, 3, 3, 3], "cat_idxs": [43, 44, 45, 46, 47, 48, 49, 50, 51, 52, 53, 54], "clip_value": 1, "device_name": "auto", "epsilon": 1e-15, "gamma": 1.1, "grouped_features": [], "input_dim": 55, "lambda_sparse": 0.001, "mask_type": "entmax", "momentum": 0.02, "n_a": 32, "n_d": 8, "n_indep_decoder": 1, "n_independent": 2, "n_shared": 2, "n_shared_decoder": 1, "n_steps": 3, "optimizer_params": {"lr": 0.0065381428480893004}, "output_dim": 2, "scheduler_params": {"step_size": 10, "gamma": 0.9}, "seed": 0, "verbose": 1}, "class_attrs": {"preds_mapper": {"0": 0, "1": 1}}}